TransactionNumber,IsFraud
0,1
3,0
5,0
8,0
14,1
15,1
19,0
20,1
27,0
29,0
30,0
31,1
33,0
34,0
35,0
36,1
39,0
41,0
42,1
46,0
47,0
50,0
51,0
54,1
57,0
59,0
61,0
63,1
65,1
68,0
70,1
72,0
73,0
79,0
81,1
83,0
84,0
85,0
88,0
92,0
94,0
95,1
99,0
101,0
102,0
103,0
106,0
107,0
110,0
111,0
113,0
114,0
116,0
119,1
121,0
123,0
127,0
130,0
131,1
133,0
135,0
137,1
144,0
147,1
149,0
150,1
157,0
158,0
167,1
168,1
169,1
170,0
173,1
176,0
177,0
180,0
181,1
184,0
185,0
188,1
196,0
199,0
200,0
208,0
210,0
214,1
216,0
217,0
218,1
219,1
221,1
222,0
230,1
239,0
245,0
247,1
248,0
251,1
252,1
254,0
255,0
257,0
259,0
260,0
263,0
266,0
267,0
273,0
274,0
275,0
280,0
284,0
286,1
288,0
290,0
291,0
293,0
296,0
299,0
303,1
304,0
309,0
311,0
313,0
315,1
316,0
318,1
319,0
321,0
322,1
323,0
326,0
327,0
330,0
333,0
334,0
335,0
337,0
339,1
341,0
344,0
345,1
346,0
347,0
351,0
353,0
357,0
360,0
361,0
366,1
367,0
373,0
376,1
377,0
379,0
381,0
385,0
387,1
388,1
394,0
396,0
398,0
399,0
401,0
407,0
408,0
409,1
410,0
411,1
413,1
416,0
420,1
424,0
425,1
426,0
428,0
429,1
431,0
434,0
435,1
439,0
447,0
449,0
450,0
454,0
455,0
457,0
460,0
461,0
465,0
466,0
468,0
469,0
472,1
473,0
474,0
476,1
479,0
482,0
483,1
484,0
485,1
487,0
491,0
499,0
503,0
505,0
509,0
510,0
511,0
513,0
518,0
520,0
530,0
532,0
533,0
535,0
536,0
538,0
542,0
543,0
553,0
554,0
558,0
562,0
563,0
566,1
567,0
568,0
573,0
575,0
576,0
578,1
582,0
586,0
590,1
592,0
594,0
601,0
605,0
606,0
608,0
611,1
613,1
617,0
620,1
621,1
624,0
633,0
635,0
637,0
638,0
640,1
647,0
651,1
653,0
655,0
657,1
664,0
668,0
673,0
675,0
676,1
682,0
683,0
688,0
696,1
700,0
702,0
704,0
705,0
708,0
714,0
715,0
718,0
720,0
724,0
729,0
732,0
733,0
735,1
736,0
738,1
740,0
741,1
742,0
744,0
747,0
749,0
750,0
751,0
753,0
758,0
762,0
763,0
764,0
772,0
782,0
791,0
794,0
795,0
800,1
803,0
805,1
811,0
812,1
817,0
819,0
820,1
825,1
826,0
828,0
829,0
831,0
833,0
836,0
839,0
841,0
842,0
843,0
850,1
852,1
856,0
862,0
863,1
866,0
868,0
871,1
872,0
875,0
878,1
881,0
883,0
884,1
895,0
898,0
900,0
902,0
903,1
907,0
908,1
911,0
914,0
921,0
925,1
927,0
928,0
930,0
932,0
934,1
936,0
937,0
944,0
945,0
949,0
950,1
953,0
958,1
959,0
960,0
962,0
963,0
967,0
970,0
971,0
977,0
978,0
979,0
980,0
981,0
984,0
993,0
994,1
1002,1
1005,0
1006,0
1010,0
1011,0
1018,0
1020,1
1022,0
1023,0
1024,0
1026,0
1027,0
1028,1
1034,0
1035,0
1039,0
1041,0
1042,0
1043,1
1047,0
1049,0
1052,0
1053,1
1055,0
1056,0
1057,0
1061,1
1064,0
1065,0
1066,0
1068,1
1071,0
1077,1
1078,1
1083,0
1084,0
1085,1
1086,0
1087,0
1090,0
1091,0
1092,0
1097,0
1107,0
1110,1
1111,0
1112,0
1113,0
1114,1
1118,0
1119,1
1121,0
1122,0
1123,0
1126,0
1127,0
1139,0
1142,0
1143,0
1144,0
1147,1
1149,0
1152,1
1153,0
1157,0
1158,0
1162,0
1163,0
1166,0
1175,0
1178,0
1179,0
1180,0
1182,0
1183,0
1187,1
1188,1
1190,1
1194,1
1197,0
1199,0
1201,0
1202,0
1206,0
1208,0
1210,0
1213,0
1215,0
1217,1
1219,0
1225,0
1226,1
1233,0
1236,0
1237,1
1246,0
1247,0
1250,0
1253,0
1254,0
1261,0
1263,0
1264,0
1265,0
1266,0
1270,0
1272,0
1274,0
1275,1
1276,0
1277,0
1280,0
1282,0
1285,0
1287,0
1288,0
1290,1
1291,0
1295,0
1297,0
1302,0
1303,0
1305,0
1310,0
1314,0
1315,1
1318,1
1320,0
1321,1
1323,0
1326,1
1327,0
1328,0
1330,0
1332,0
1333,0
1336,0
1343,0
1345,0
1346,0
1347,0
1350,0
1351,0
1352,0
1354,0
1355,1
1358,0
1360,1
1365,1
1368,0
1369,0
1370,0
1372,0
1373,0
1383,0
1385,0
1393,1
1395,0
1396,0
1397,0
1398,0
1399,1
1402,0
1405,0
1408,0
1411,0
1413,0
1414,1
1415,0
1417,0
1418,0
1419,0
1421,0
1427,1
1429,0
1430,0
1433,0
1434,0
1437,0
1441,0
1443,0
1444,0
1450,0
1451,0
1452,0
1453,0
1454,0
1456,1
1457,0
1458,0
1459,0
1470,0
1475,0
1477,0
1479,0
1482,0
1483,0
1484,0
1485,0
1486,0
1488,0
1489,0
1491,0
1493,0
1496,0
1498,1
1508,0
1510,1
1511,1
1512,0
1513,0
1516,0
1520,0
1521,0
1522,0
1525,0
1527,0
1528,0
1530,0
1533,0
1534,0
1535,0
1536,0
1540,1
1544,0
1547,0
1554,0
1555,1
1557,0
1562,1
1566,0
1570,0
1571,0
1572,0
1575,0
1576,0
1579,1
1580,1
1583,0
1584,0
1586,1
1593,0
1594,0
1595,0
1596,1
1598,0
1599,0
1602,0
1604,1
1606,1
1608,0
1611,0
1612,0
1614,1
1615,0
1617,0
1618,0
1621,1
1623,1
1624,0
1626,0
1632,0
1634,1
1639,0
1640,0
1642,0
1643,0
1650,0
1655,0
1656,0
1659,0
1660,0
1662,0
1664,1
1665,0
1668,0
1669,1
1670,0
1675,1
1681,1
1683,0
1684,0
1686,0
1688,0
1691,1
1693,0
1694,0
1697,0
1698,0
1701,1
1703,0
1704,0
1705,0
1707,1
1710,0
1711,0
1712,0
1713,0
1714,1
1720,0
1722,1
1723,0
1729,0
1730,0
1731,1
1732,1
1739,0
1740,1
1743,1
1744,1
1745,0
1746,1
1747,0
1748,1
1758,0
1760,0
1765,0
1766,0
1767,0
1768,0
1769,0
1771,0
1775,0
1780,0
1783,0
1786,0
1791,0
1795,1
1799,1
1801,0
1803,1
1805,0
1807,0
1808,1
1811,0
1817,0
1822,0
1825,1
1830,1
1833,0
1836,0
1838,0
1839,0
1841,1
1843,0
1844,0
1851,0
1853,0
1858,0
1862,0
1864,0
1865,0
1866,1
1869,1
1870,0
1878,0
1880,1
1887,0
1889,0
1890,1
1891,0
1896,0
1897,0
1901,0
1904,0
1905,0
1911,0
1919,0
1921,0
1922,0
1923,0
1924,0
1934,0
1935,1
1941,0
1943,0
1944,0
1945,1
1947,0
1949,0
1950,0
1952,0
1953,0
1954,0
1955,0
1957,0
1959,0
1962,0
1964,1
1965,0
1972,0
1973,0
1976,0
1977,0
1978,0
1979,0
1981,0
1983,0
1984,0
1989,0
2002,1
2003,0
2004,0
2006,0
2008,0
2009,1
2012,0
2019,0
2020,0
2021,1
2025,0
2026,0
2029,1
2030,1
2034,0
2036,0
2037,1
2039,0
2043,0
2045,0
2046,0
2051,0
2054,0
2055,0
2056,0
2057,1
2058,0
2060,1
2065,1
2067,0
2069,0
2074,0
2075,0
2078,0
2081,0
2084,0
2085,0
2086,0
2087,0
2088,1
2089,0
2091,1
2095,0
2099,0
2109,0
2111,0
2112,1
2115,0
2117,0
2119,0
2122,0
2124,0
2126,0
2127,0
2128,0
2129,0
2132,0
2133,0
2136,0
2140,0
2141,1
2144,0
2145,0
2146,1
2150,0
2152,0
2154,0
2157,0
2163,1
2167,0
2168,0
2174,0
2175,1
2177,0
2180,1
2182,1
2183,0
2184,0
2188,0
2189,1
2194,0
2199,1
2201,0
2202,0
2203,1
2205,0
2206,0
2209,1
2213,0
2214,0
2215,0
2216,0
2218,0
2225,0
2227,0
2228,0
2231,1
2232,0
2234,0
2236,0
2238,0
2245,0
2246,0
2247,0
2249,0
2250,0
2252,0
2254,0
2255,0
2260,0
2264,0
2265,0
2266,0
2267,0
2270,0
2271,0
2275,1
2277,1
2279,0
2280,0
2281,0
2286,0
2288,0
2290,1
2291,1
2293,0
2298,0
2299,0
2300,0
2301,1
2303,1
2304,1
2308,0
2310,0
2312,0
2315,0
2316,1
2318,0
2319,0
2320,1
2323,0
2325,0
2329,0
2331,0
2332,0
2333,1
2334,0
2337,1
2342,1
2344,0
2347,1
2348,1
2351,0
2357,0
2358,0
2359,1
2360,0
2366,1
2375,0
2380,1
2388,0
2390,0
2393,1
2400,0
2403,0
2404,0
2405,1
2406,0
2407,0
2408,0
2412,0
2414,1
2417,0
2420,0
2425,0
2435,0
2439,1
2442,0
2444,0
2445,0
2448,1
2449,1
2450,0
2452,1
2453,1
2455,0
2456,0
2457,0
2458,0
2459,0
2467,0
2470,0
2471,0
2473,0
2477,0
2478,0
2480,0
2481,1
2483,0
2485,0
2487,1
2493,1
2495,0
2498,0
2499,0
2501,0
2507,0
2512,0
2516,0
2517,1
2518,1
2519,0
2522,0
2525,1
2527,0
2529,0
2531,1
2533,1
2534,0
2536,0
2543,0
2545,0
2546,0
2548,0
2549,1
2552,0
2554,0
2556,0
2558,0
2559,0
2562,0
2570,0
2571,1
2574,0
2578,0
2579,0
2582,0
2583,0
2584,0
2585,0
2589,0
2593,0
2595,0
2596,0
2602,0
2605,0
2608,0
2609,0
2611,0
2613,0
2614,0
2615,1
2616,0
2619,0
2621,0
2622,0
2626,0
2628,0
2629,0
2631,0
2633,0
2636,1
2638,0
2640,0
2641,1
2647,0
2652,0
2655,0
2656,1
2662,1
2664,0
2673,0
2675,0
2676,0
2677,0
2678,0
2680,0
2683,0
2684,0
2692,1
2694,1
2697,0
2698,0
2699,0
2701,0
2703,0
2704,1
2712,0
2714,0
2715,1
2718,0
2726,0
2727,1
2729,0
2730,0
2733,0
2734,0
2736,0
2737,0
2740,0
2742,0
2746,0
2748,0
2751,0
2753,1
2754,0
2755,1
2760,1
2764,0
2766,0
2769,0
2770,0
2771,0
2777,0
2781,0
2788,0
2791,1
2794,0
2796,0
2797,0
2798,0
2802,0
2804,0
2805,0
2807,0
2812,0
2813,0
2814,1
2815,0
2816,1
2818,1
2820,0
2826,0
2830,1
2836,1
2840,0
2848,1
2853,0
2856,0
2857,0
2858,0
2859,0
2861,0
2862,1
2864,0
2865,0
2867,1
2872,0
2874,0
2876,0
2878,0
2879,0
2882,0
2884,0
2885,0
2894,0
2896,0
2898,1
2899,0
2900,0
2903,0
2906,0
2909,0
2910,0
2913,0
2918,0
2919,0
2921,1
2923,1
2924,0
2927,0
2928,0
2929,0
2930,1
2932,0
2935,0
2937,0
2943,0
2945,1
2947,0
2948,0
2950,0
2954,0
2955,0
2957,0
2958,0
2959,0
2966,0
2968,0
2973,1
2974,0
2977,1
2980,0
2981,0
2984,0
2988,0
2991,0
2992,0
2993,0
2995,1
2996,0
2998,0
3000,0
3002,0
3011,1
3013,1
3014,1
3015,0
3016,0
3017,0
3018,1
3021,0
3023,0
3024,1
3025,0
3029,0
3031,0
3032,1
3033,1
3035,0
3038,0
3042,1
3043,1
3045,0
3047,0
3048,0
3049,0
3050,0
3053,1
3056,0
3058,0
3059,0
3060,1
3063,0
3065,1
3066,0
3068,0
3069,0
3070,0
3073,0
3076,0
3077,0
3079,1
3087,0
3090,0
3097,1
3098,0
3099,1
3101,0
3102,0
3105,0
3106,0
3107,0
3108,0
3111,0
3115,1
3116,0
3120,0
3125,1
3128,1
3132,0
3142,1
3143,1
3146,0
3147,0
3154,0
3165,0
3166,0
3169,0
3184,0
3187,0
3189,0
3193,0
3194,1
3204,0
3205,0
3206,0
3207,1
3208,0
3210,0
3213,0
3214,1
3221,0
3222,0
3223,0
3230,1
3233,0
3234,0
3245,0
3248,1
3251,1
3254,1
3256,0
3260,0
3263,0
3265,1
3268,0
3269,0
3270,0
3274,0
3275,0
3280,0
3282,0
3283,1
3286,0
3287,0
3288,0
3289,0
3290,0
3295,0
3297,0
3298,0
3299,1
3302,1
3307,0
3310,0
3312,0
3314,0
3315,0
3316,0
3322,0
3323,0
3325,1
3328,0
3334,0
3335,0
3337,0
3338,0
3341,0
3344,1
3351,0
3352,0
3353,0
3355,0
3362,1
3366,1
3369,0
3371,1
3372,0
3375,0
3376,0
3378,0
3379,0
3383,0
3386,1
3387,0
3388,1
3393,0
3394,0
3396,0
3397,0
3402,0
3404,0
3405,0
3410,0
3411,0
3418,0
3421,1
3422,0
3425,0
3427,0
3428,1
3429,0
3433,0
3434,0
3437,0
3438,0
3441,0
3442,0
3445,0
3447,0
3449,0
3455,0
3458,0
3460,1
3461,0
3463,0
3464,0
3465,0
3467,0
3468,0
3469,0
3470,1
3472,0
3473,1
3474,0
3477,0
3478,0
3479,0
3480,1
3481,0
3482,1
3484,0
3485,0
3486,0
3487,0
3488,0
3492,0
3493,0
3495,0
3498,0
3501,0
3502,0
3508,0
3509,0
3511,1
3514,0
3517,1
3519,0
3522,0
3524,0
3527,0
3529,0
3532,1
3533,1
3538,0
3544,0
3545,1
3546,0
3547,0
3550,1
3559,1
3562,1
3570,0
3571,0
3572,0
3576,0
3577,0
3578,1
3579,0
3582,0
3584,0
3585,0
3589,0
3591,0
3592,0
3594,0
3595,0
3597,1
3598,0
3599,0
3601,0
3603,0
3608,0
3609,0
3611,1
3613,0
3615,0
3616,0
3617,1
3623,0
3633,0
3634,0
3635,1
3643,0
3646,1
3647,1
3649,0
3651,0
3652,1
3656,0
3657,0
3658,0
3660,0
3665,0
3668,0
3669,0
3678,0
3679,1
3680,0
3682,0
3684,0
3685,1
3686,1
3689,0
3691,0
3692,0
3693,0
3694,0
3698,0
3702,0
3703,0
3704,1
3705,1
3706,0
3707,0
3708,0
3710,0
3714,0
3717,0
3721,0
3724,0
3725,0
3728,0
3733,1
3739,1
3742,0
3745,0
3752,0
3753,1
3755,0
3761,0
3763,0
3769,0
3774,0
3776,0
3778,0
3780,0
3781,1
3784,0
3788,0
3795,0
3800,0
3804,0
3813,0
3817,0
3819,0
3820,0
3821,0
3822,0
3826,0
3827,0
3833,0
3834,0
3836,0
3837,1
3838,1
3842,0
3843,0
3844,0
3846,0
3848,0
3852,0
3857,0
3859,0
3860,0
3865,0
3869,0
3877,0
3879,0
3881,0
3886,0
3887,1
3889,0
3894,0
3897,0
3898,0
3902,0
3903,0
3905,0
3909,0
3910,0
3912,1
3914,0
3919,0
3921,1
3925,1
3926,0
3934,1
3937,0
3938,0
3941,0
3942,0
3944,0
3946,0
3948,0
3950,0
3952,0
3953,0
3954,1
3955,0
3963,0
3964,0
3971,1
3973,0
3974,1
3975,1
3978,1
3979,0
3980,0
3984,0
3986,0
3989,0
3991,0
3993,0
3995,0
3996,0
3997,0
3999,0
4003,0
4004,0
4007,0
4010,0
4012,0
4013,0
4015,1
4024,0
4026,0
4028,0
4029,0
4030,0
4031,0
4032,0
4034,0
4035,1
4037,0
4038,0
4040,0
4043,0
4044,1
4045,0
4046,1
4048,0
4049,0
4057,0
4058,0
4061,0
4062,0
4064,0
4069,1
4073,1
4074,0
4075,0
4077,1
4081,0
4084,1
4087,0
4089,0
4093,0
4097,0
4098,0
4100,1
4101,0
4104,0
4105,1
4106,0
4110,0
4111,1
4113,0
4115,0
4116,0
4119,0
4121,0
4122,0
4123,0
4124,0
4125,0
4127,1
4128,0
4129,1
4130,1
4132,0
4139,0
4140,0
4147,0
4148,1
4149,0
4153,1
4156,1
4162,0
4165,1
4166,1
4168,0
4169,1
4170,1
4176,0
4181,0
4186,0
4187,0
4189,0
4191,0
4192,0
4193,0
4194,0
4197,0
4201,0
4202,0
4203,0
4205,0
4209,0
4215,0
4216,0
4219,1
4220,0
4221,0
4226,0
4227,0
4229,0
4230,0
4231,0
4237,0
4244,0
4245,0
4246,0
4250,0
4252,0
4254,0
4256,0
4257,0
4265,1
4269,0
4274,0
4278,0
4279,0
4280,0
4281,0
4285,0
4286,0
4288,0
4289,0
4291,0
4292,0
4293,0
4294,0
4295,1
4296,0
4301,0
4303,0
4304,0
4309,0
4313,1
4315,1
4325,0
4328,0
4329,0
4333,1
4336,0
4337,0
4338,0
4341,0
4342,0
4343,0
4344,1
4345,0
4347,0
4349,0
4351,0
4352,0
4353,0
4356,0
4359,0
4367,0
4371,0
4373,0
4374,1
4375,1
4377,0
4385,0
4387,0
4388,0
4391,0
4393,0
4395,1
4397,1
4398,0
4400,0
4401,0
4403,1
4404,0
4407,0
4410,0
4411,1
4413,1
4414,0
4417,0
4420,0
4429,0
4436,0
4438,1
4441,1
4442,1
4445,0
4446,0
4447,1
4448,0
4449,0
4450,0
4454,0
4455,0
4457,0
4459,1
4461,0
4463,0
4464,1
4467,0
4469,0
4473,0
4475,0
4484,0
4486,1
4488,0
4489,1
4496,0
4501,1
4502,0
4504,0
4505,0
4506,1
4509,0
4510,0
4513,0
4514,0
4518,0
4519,0
4520,1
4525,0
4526,0
4527,0
4528,0
4533,0
4536,0
4546,0
4547,0
4548,0
4549,0
4553,0
4554,0
4556,0
4560,0
4561,0
4564,0
4572,1
4574,0
4580,0
4585,0
4587,0
4592,0
4600,1
4602,0
4604,1
4606,0
4609,0
4610,0
4614,0
4617,1
4618,0
4622,0
4625,0
4629,0
4630,0
4634,0
4638,0
4639,0
4641,1
4643,0
4649,0
4653,0
4660,1
4664,0
4665,1
4667,0
4671,1
4672,0
4676,0
4679,1
4680,0
4681,0
4682,1
4685,0
4688,1
4691,1
4692,0
4693,0
4694,0
4696,0
4702,0
4705,0
4706,0
4707,0
4708,0
4714,0
4715,0
4716,0
4718,0
4720,0
4721,0
4723,0
4724,0
4730,0
4731,1
4738,1
4739,0
4740,1
4742,0
4743,0
4745,1
4746,0
4747,0
4750,0
4751,0
4754,0
4755,0
4756,0
4762,0
4764,0
4767,1
4768,0
4770,1
4771,0
4772,1
4779,0
4783,0
4785,1
4786,0
4787,0
4788,0
4789,0
4791,1
4794,1
4800,0
4802,0
4807,0
4812,0
4816,1
4819,0
4822,0
4824,1
4826,0
4828,0
4832,0
4834,1
4836,0
4839,0
4840,0
4843,0
4844,0
4847,0
4848,0
4849,0
4850,1
4851,0
4852,1
4856,0
4860,0
4861,0
4862,0
4866,0
4867,0
4870,1
4871,0
4872,0
4874,0
4877,0
4878,0
4880,0
4881,0
4884,0
4885,0
4889,0
4894,0
4896,0
4899,1
4900,0
4901,0
4902,0
4903,1
4904,0
4905,0
4907,0
4909,1
4913,0
4914,0
4915,0
4918,0
4919,0
4921,0
4923,1
4929,0
4930,0
4935,0
4936,1
4948,0
4949,0
4950,0
4952,0
4954,1
4955,0
4959,0
4960,0
4963,0
4965,0
4969,0
4972,0
4973,0
4974,1
4977,1
4978,1
4980,0
4981,0
4982,1
4983,0
4984,1
4985,0
4989,0
4990,1
4991,1
4993,0
4999,1
5001,0
5005,0
5007,1
5012,0
5015,1
5018,0
5019,0
5020,1
5022,1
5023,0
5025,1
5026,0
5028,0
5030,0
5031,0
5032,1
5034,0
5035,0
5038,0
5040,0
5042,0
5044,0
5045,0
5046,0
5049,1
5050,0
5058,0
5064,1
5066,0
5069,0
5071,1
5076,0
5079,1
5082,0
5083,0
5090,0
5094,1
5096,0
5098,1
5099,0
5100,0
5101,0
5106,1
5107,1
5112,0
5113,0
5115,0
5116,0
5117,0
5118,0
5120,0
5123,0
5125,0
5128,0
5129,0
5133,0
5134,0
5135,0
5139,0
5140,0
5142,0
5143,1
5144,0
5146,1
5148,0
5149,0
5151,1
5155,0
5157,0
5161,0
5163,0
5165,0
5168,1
5169,0
5170,0
5172,1
5174,1
5175,0
5180,1
5181,0
5182,0
5183,0
5194,0
5195,0
5196,0
5198,1
5199,0
5203,0
5207,1
5211,0
5216,0
5217,0
5219,0
5222,0
5224,0
5225,0
5227,0
5228,0
5230,0
5236,0
5239,0
5245,0
5250,0
5252,0
5259,1
5265,0
5267,0
5268,0
5270,0
5271,0
5272,0
5274,0
5277,0
5278,1
5280,0
5282,0
5284,0
5286,1
5290,0
5291,0
5293,0
5294,0
5297,0
5304,0
5306,0
5309,0
5312,0
5321,0
5327,0
5331,1
5332,0
5333,0
5337,0
5339,1
5340,0
5346,0
5348,0
5349,0
5351,0
5352,0
5353,0
5354,0
5357,1
5358,0
5359,0
5361,0
5363,1
5364,0
5371,1
5375,0
5377,0
5379,0
5380,1
5381,0
5382,1
5384,0
5385,0
5386,0
5391,1
5396,0
5399,0
5400,1
5405,0
5407,1
5412,0
5414,0
5418,0
5420,0
5421,1
5422,0
5425,0
5426,0
5431,0
5434,0
5436,0
5437,1
5438,0
5440,0
5441,1
5446,0
5449,0
5453,1
5456,0
5458,0
5459,0
5460,0
5461,1
5464,0
5465,0
5466,0
5468,0
5472,1
5473,0
5474,0
5477,0
5478,0
5479,0
5483,0
5489,0
5493,0
5496,0
5500,0
5502,0
5503,1
5504,1
5508,0
5511,0
5512,0
5513,1
5514,0
5516,1
5524,0
5526,0
5527,0
5528,1
5531,0
5532,0
5535,0
5537,0
5541,0
5545,0
5547,0
5548,0
5549,0
5550,0
5553,0
5556,0
5557,1
5561,1
5562,0
5564,0
5566,1
5567,0
5568,0
5572,1
5576,0
5584,0
5587,0
5589,0
5595,0
5597,1
5598,0
5601,0
5604,0
5605,0
5608,0
5610,1
5612,1
5613,0
5614,0
5617,0
5620,1
5623,0
5625,0
5627,0
5635,1
5638,1
5639,0
5642,0
5651,0
5653,0
5654,0
5657,1
5658,0
5659,0
5662,1
5665,0
5667,1
5671,0
5678,0
5681,0
5683,0
5687,0
5689,0
5691,1
5700,0
5701,0
5702,0
5703,1
5706,0
5707,0
5711,0
5712,1
5714,1
5715,1
5716,0
5719,0
5721,0
5723,0
5725,1
5727,0
5732,0
5734,0
5735,0
5736,1
5742,0
5743,0
5746,0
5748,0
5749,0
5751,1
5758,0
5760,0
5761,0
5762,0
5763,0
5764,0
5765,0
5766,1
5767,1
5770,0
5771,0
5775,0
5786,1
5787,1
5792,0
5800,0
5802,1
5803,0
5804,0
5805,0
5809,1
5813,0
5814,0
5815,0
5817,0
5821,0
5824,1
5826,0
5828,0
5833,0
5834,0
5836,0
5838,1
5841,1
5843,0
5846,0
5847,0
5848,0
5849,0
5853,0
5857,0
5858,0
5859,0
5860,1
5861,0
5862,0
5863,1
5864,0
5865,0
5871,1
5880,1
5883,0
5885,0
5886,0
5887,0
5888,0
5893,1
5894,0
5896,0
5897,0
5900,1
5903,1
5905,0
5908,0
5910,0
5913,0
5915,0
5916,0
5921,1
5923,0
5924,0
5927,0
5932,0
5933,1
5936,0
5937,1
5940,1
5942,0
5943,0
5945,0
5948,0
5950,1
5952,1
5954,1
5957,0
5960,0
5963,0
5965,0
5970,0
5971,0
5975,0
5980,0
5981,1
5987,0
5990,0
5996,0
5998,0
5999,0
6002,0
6006,1
6013,0
6015,0
6020,0
6021,0
6023,0
6024,1
6025,0
6027,0
6029,0
6036,0
6044,0
6045,0
6050,1
6051,0
6053,1
6057,0
6061,0
6062,0
6064,0
6066,0
6067,0
6069,0
6070,0
6071,0
6072,1
6074,0
6075,0
6076,0
6077,0
6084,1
6086,0
6087,0
6088,0
6095,0
6096,0
6097,0
6098,0
6101,0
6104,0
6105,0
6108,0
6109,0
6110,0
6113,1
6114,1
6118,0
6119,0
6125,1
6126,0
6128,0
6133,0
6134,0
6137,1
6138,0
6141,0
6143,0
6145,0
6147,0
6148,1
6149,0
6151,0
6153,1
6156,0
6157,1
6158,0
6161,0
6162,0
6165,0
6173,0
6174,1
6177,0
6178,0
6179,0
6180,1
6181,0
6185,0
6186,0
6187,0
6188,1
6189,1
6192,0
6193,0
6194,0
6195,0
6201,0
6202,0
6205,0
6206,0
6208,0
6209,0
6210,0
6211,0
6215,0
6216,1
6220,0
6223,0
6224,0
6225,0
6228,0
6234,0
6235,0
6237,0
6243,0
6245,0
6248,1
6252,0
6253,1
6255,0
6258,0
6259,0
6260,0
6266,0
6271,0
6275,1
6277,1
6278,1
6281,1
6286,1
6290,0
6291,1
6292,1
6293,0
6298,1
6301,0
6306,0
6307,0
6311,0
6315,1
6319,1
6321,0
6323,0
6325,0
6329,0
6332,0
6333,0
6334,0
6335,0
6339,0
6341,0
6345,0
6347,0
6350,0
6351,0
6355,0
6356,0
6357,0
6366,0
6367,0
6369,0
6373,0
6375,0
6377,0
6383,0
6384,0
6385,0
6386,0
6387,0
6388,0
6389,0
6390,1
6392,0
6393,0
6395,1
6398,0
6399,0
6402,0
6405,0
6408,0
6412,1
6415,1
6417,1
6418,0
6421,0
6422,0
6423,0
6424,0
6425,0
6427,0
6428,1
6433,0
6434,0
6436,0
6438,1
6440,0
6442,0
6443,0
6444,0
6451,1
6454,0
6455,0
6459,1
6462,0
6463,0
6466,0
6467,0
6472,1
6473,0
6478,1
6480,1
6484,0
6486,1
6489,0
6490,1
6491,0
6492,0
6494,0
6497,1
6498,0
6501,0
6503,0
6504,0
6505,1
6506,0
6508,0
6510,0
6512,0
6515,0
6517,0
6518,1
6525,0
6526,0
6527,0
6529,0
6532,0
6535,0
6536,0
6541,0
6544,0
6545,0
6549,0
6550,0
6551,0
6556,0
6557,1
6560,0
6561,0
6562,1
6569,0
6580,0
6584,0
6586,0
6590,1
6595,0
6600,1
6601,1
6602,0
6607,0
6608,0
6609,1
6612,1
6619,1
6621,0
6624,0
6625,0
6627,0
6630,0
6631,0
6632,0
6634,0
6641,0
6647,1
6648,0
6649,0
6650,0
6656,0
6660,0
6662,1
6664,0
6667,0
6669,0
6670,0
6672,0
6676,0
6677,0
6679,0
6682,0
6685,0
6688,1
6690,0
6692,0
6693,1
6698,1
6699,0
6700,0
6702,0
6703,1
6705,0
6706,0
6712,0
6714,0
6717,1
6723,0
6724,0
6725,0
6729,0
6730,0
6733,0
6734,1
6735,0
6740,1
6742,1
6746,0
6753,0
6756,0
6757,1
6758,1
6759,1
6760,1
6762,0
6765,0
6775,0
6778,0
6779,0
6787,0
6790,0
6793,0
6798,1
6803,0
6804,0
6805,0
6808,1
6810,0
6812,0
6813,1
6814,0
6817,0
6820,0
6822,0
6824,0
6827,0
6829,0
6831,1
6832,1
6834,0
6835,1
6836,0
6842,1
6844,1
6847,0
6848,0
6850,0
6857,0
6863,0
6866,0
6867,0
6872,0
6874,0
6876,0
6877,0
6879,1
6880,0
6885,1
6886,0
6887,0
6888,0
6891,0
6896,0
6903,0
6904,1
6907,1
6908,0
6909,0
6913,0
6914,0
6916,0
6918,0
6920,0
6921,0
6922,1
6925,0
6926,0
6927,0
6929,1
6930,0
6931,0
6932,0
6933,0
6934,0
6935,0
6936,1
6945,0
6946,0
6950,1
6951,0
6954,0
6955,0
6956,0
6959,0
6962,0
6969,0
6975,0
6977,0
6983,1
6987,0
6991,0
6994,0
7004,0
7007,1
7014,0
7015,0
7017,0
7018,0
7019,0
7020,0
7021,0
7026,0
7030,1
7033,1
7035,0
7038,0
7039,0
7040,0
7042,0
7044,0
7045,0
7047,0
7048,0
7049,0
7050,1
7051,0
7053,0
7058,0
7063,1
7066,1
7068,1
7070,1
7073,0
7074,0
7075,0
7076,0
7077,1
7085,0
7087,0
7089,0
7091,0
7092,0
7093,0
7098,0
7100,0
7101,0
7102,0
7103,1
7107,0
7109,0
7110,0
7112,0
7113,1
7115,0
7120,0
7121,0
7125,1
7132,1
7136,1
7138,1
7139,0
7142,0
7144,0
7149,1
7150,0
7152,0
7153,1
7157,1
7159,0
7163,1
7168,1
7172,0
7176,1
7177,1
7180,0
7181,1
7182,0
7191,0
7197,0
7198,0
7199,0
7200,0
7201,0
7202,1
7203,0
7207,0
7215,1
7217,0
7220,0
7221,0
7222,0
7223,0
7224,1
7228,0
7229,0
7231,0
7238,1
7245,1
7247,0
7250,0
7252,0
7254,0
7255,0
7261,0
7267,0
7268,0
7270,0
7272,1
7273,1
7275,0
7276,0
7277,0
7278,0
7283,0
7284,0
7285,1
7286,0
7289,0
7290,0
7293,0
7298,0
7300,0
7301,0
7302,0
7303,0
7305,0
7306,0
7307,1
7308,0
7315,0
7316,0
7317,0
7319,1
7324,1
7326,0
7327,1
7333,0
7335,1
7337,1
7341,1
7344,0
7346,0
7348,0
7351,0
7356,0
7359,1
7360,0
7363,0
7369,0
7375,1
7380,0
7383,1
7386,0
7387,0
7391,1
7401,1
7402,0
7403,0
7405,0
7410,1
7414,0
7417,0
7425,0
7428,0
7434,0
7438,0
7439,0
7441,1
7442,0
7443,0
7444,1
7449,0
7451,0
7453,0
7457,1
7458,0
7459,0
7463,0
7466,1
7471,0
7472,0
7473,0
7474,1
7475,0
7476,0
7477,0
7479,0
7484,0
7486,0
7487,1
7488,1
7495,0
7496,0
7497,0
7499,0
7501,0
7502,0
7506,1
7507,0
7508,0
7510,0
7511,0
7513,0
7514,1
7515,0
7516,0
7517,0
7518,0
7524,0
7528,0
7530,0
7534,0
7535,0
7536,0
7539,0
7541,0
7546,1
7550,0
7551,1
7553,0
7554,0
7555,0
7556,0
7558,0
7559,1
7562,0
7563,0
7565,0
7567,0
7571,0
7575,0
7576,1
7578,0
7580,0
7582,0
7583,0
7584,0
7585,0
7588,1
7589,0
7590,0
7591,0
7592,0
7596,1
7599,0
7606,0
7608,1
7613,0
7614,0
7615,0
7621,0
7624,1
7626,0
7627,0
7634,0
7635,0
7636,0
7638,1
7639,1
7640,1
7646,0
7648,0
7649,0
7650,0
7652,1
7654,0
7655,0
7656,0
7660,0
7662,0
7663,0
7664,0
7665,1
7666,0
7667,1
7668,1
7671,0
7672,0
7676,0
7677,0
7681,0
7682,0
7683,0
7685,1
7687,0
7691,0
7695,0
7696,0
7698,1
7699,0
7700,1
7702,0
7704,0
7708,0
7712,0
7713,0
7716,0
7717,0
7719,1
7720,0
7721,0
7722,1
7723,0
7725,1
7726,0
7728,0
7729,0
7731,0
7732,0
7733,0
7735,0
7738,0
7744,0
7745,0
7747,0
7749,1
7750,1
7753,0
7757,0
7760,0
7762,0
7765,1
7767,0
7771,0
7772,0
7775,0
7779,0
7780,0
7781,0
7782,1
7784,0
7790,1
7791,1
7792,0
7793,0
7794,0
7796,0
7800,0
7801,0
7802,0
7806,0
7808,1
7809,0
7810,0
7811,0
7816,0
7820,0
7824,0
7826,1
7827,1
7828,0
7834,0
7836,1
7839,0
7840,0
7841,0
7852,0
7854,0
7855,0
7858,1
7859,0
7861,0
7862,0
7864,0
7870,1
7873,1
7877,0
7878,0
7879,0
7881,0
7882,0
7883,0
7884,0
7885,0
7886,0
7887,1
7894,0
7895,0
7897,0
7898,0
7899,0
7900,0
7904,0
7907,0
7908,0
7911,1
7912,0
7914,0
7916,0
7917,0
7918,1
7919,0
7920,0
7921,1
7924,0
7930,0
7932,0
7934,1
7936,0
7944,0
7945,0
7946,0
7947,0
7948,0
7949,0
7955,0
7958,0
7960,0
7963,0
7969,0
7971,1
7974,0
7975,0
7976,0
7978,1
7981,0
7983,1
7985,0
7988,0
7991,0
7998,0
8000,1
8008,0
8009,0
8010,0
8011,0
8013,0
8018,0
8019,0
8020,0
8025,0
8028,0
8029,1
8030,0
8035,0
8037,0
8040,0
8045,0
8046,0
8048,0
8049,0
8051,0
8054,1
8056,0
8057,0
8059,1
8062,1
8063,0
8064,0
8065,0
8072,0
8076,0
8083,1
8085,0
8086,0
8091,1
8093,0
8094,0
8099,1
8104,0
8108,0
8109,0
8114,0
8115,1
8116,0
8117,1
8121,0
8122,0
8124,0
8127,0
8129,0
8131,0
8132,0
8136,0
8139,0
8140,0
8141,1
8142,0
8144,1
8145,0
8147,1
8149,0
8153,0
8157,0
8158,0
8161,0
8164,0
8165,0
8166,0
8170,0
8171,1
8176,1
8178,0
8180,1
8187,0
8188,0
8191,0
8193,1
8194,0
8195,1
8196,1
8197,1
8198,0
8200,0
8203,0
8204,0
8206,0
8209,1
8211,0
8213,0
8217,1
8223,0
8225,0
8227,1
8229,1
8231,1
8232,0
8233,0
8239,0
8241,0
8242,0
8246,0
8247,0
8248,0
8251,1
8253,0
8254,0
8255,1
8256,0
8260,0
8262,0
8267,0
8268,0
8270,0
8271,1
8272,0
8279,0
8280,1
8284,0
8285,1
8287,0
8288,0
8291,0
8292,0
8293,0
8294,1
8295,0
8299,0
8300,1
8303,0
8304,0
8309,0
8317,0
8318,0
8323,1
8324,0
8327,0
8332,0
8336,0
8337,0
8344,0
8348,0
8349,1
8351,0
8354,0
8355,1
8358,1
8359,1
8360,0
8361,0
8366,0
8369,0
8370,1
8372,0
8374,1
8375,0
8377,1
8379,0
8380,1
8382,1
8387,1
8390,1
8393,0
8394,0
8396,1
8402,0
8403,1
8404,0
8406,0
8407,0
8408,0
8409,0
8410,1
8413,0
8416,0
8421,0
8422,0
8423,1
8425,0
8437,0
8439,0
8441,0
8443,0
8451,1
8452,0
8453,0
8454,0
8455,1
8457,1
8460,0
8470,0
8473,0
8478,0
8481,0
8482,0
8483,1
8484,1
8485,0
8486,0
8487,1
8489,0
8494,0
8495,1
8496,1
8499,1
8500,0
8503,1
8506,0
8507,0
8509,0
8510,0
8517,0
8525,0
8527,0
8528,1
8530,1
8537,0
8542,0
8544,0
8545,0
8546,1
8550,0
8552,1
8554,1
8559,0
8561,1
8565,1
8568,0
8570,0
8573,0
8574,1
8581,0
8582,0
8583,0
8585,0
8589,0
8591,0
8594,0
8596,0
8600,0
8602,1
8603,1
8604,0
8607,0
8608,0
8610,0
8612,0
8614,0
8619,0
8620,0
8621,0
8626,1
8628,1
8629,0
8630,0
8631,0
8637,0
8639,0
8642,1
8645,0
8647,0
8649,0
8650,0
8653,0
8654,0
8655,1
8657,1
8658,0
8660,0
8663,0
8664,0
8665,0
8668,0
8670,0
8673,0
8674,1
8675,1
8678,0
8686,0
8688,0
8689,0
8692,1
8698,0
8700,0
8703,0
8704,1
8709,0
8710,0
8715,1
8723,0
8725,0
8726,0
8727,0
8730,1
8732,0
8735,1
8739,1
8741,0
8746,0
8748,0
8753,0
8756,0
8757,0
8759,1
8760,0
8762,0
8763,0
8764,1
8768,0
8769,1
8774,1
8776,0
8778,0
8781,0
8785,0
8794,0
8796,0
8797,0
8803,0
8805,0
8807,1
8810,0
8814,0
8815,0
8816,0
8818,0
8819,1
8822,1
8823,0
8824,1
8825,0
8826,0
8827,1
8829,1
8830,0
8833,0
8836,0
8839,1
8840,0
8842,0
8843,0
8846,0
8847,1
8854,0
8855,0
8860,0
8862,0
8863,0
8865,0
8866,0
8868,0
8870,1
8873,0
8875,0
8877,0
8878,0
8882,1
8883,0
8885,0
8886,0
8887,0
8888,0
8889,0
8892,0
8896,0
8898,0
8899,0
8900,0
8902,0
8903,0
8904,1
8907,0
8908,1
8909,0
8910,1
8913,0
8914,0
8916,0
8917,0
8918,0
8922,0
8925,0
8928,1
8929,0
8930,0
8932,0
8935,0
8936,0
8937,0
8939,0
8941,0
8944,0
8948,1
8950,0
8951,0
8953,0
8955,1
8956,0
8957,0
8958,1
8965,0
8966,0
8969,0
8977,1
8978,0
8983,1
8985,0
8986,0
8994,0
8999,0
9000,0
9002,0
9003,0
9004,0
9006,1
9015,1
9016,0
9022,0
9024,0
9027,0
9029,1
9038,0
9039,0
9044,0
9047,0
9048,0
9049,0
9050,1
9051,0
9052,0
9054,1
9058,1
9059,0
9060,1
9066,1
9068,1
9069,0
9070,1
9071,0
9073,0
9075,0
9084,0
9090,0
9091,0
9093,0
9097,1
9098,0
9100,0
9102,0
9113,0
9115,0
9119,0
9123,0
9124,1
9125,0
9128,0
9129,0
9132,0
9138,0
9140,0
9143,0
9144,0
9147,1
9148,0
9150,0
9152,0
9153,0
9156,0
9161,0
9163,0
9167,0
9173,1
9176,0
9178,0
9180,0
9183,1
9185,0
9187,1
9189,1
9194,0
9195,0
9199,0
9201,1
9202,0
9209,1
9210,0
9213,0
9214,0
9222,1
9224,0
9231,0
9233,1
9234,0
9236,0
9237,0
9238,0
9239,0
9243,0
9245,0
9246,0
9248,0
9249,0
9251,1
9252,0
9253,0
9255,0
9258,0
9263,0
9264,0
9272,0
9273,1
9274,0
9286,0
9287,0
9289,0
9292,0
9293,0
9295,0
9299,0
9303,0
9304,0
9305,0
9315,0
9317,0
9319,0
9320,0
9321,1
9325,0
9328,1
9329,0
9332,0
9334,1
9338,1
9340,0
9341,0
9345,0
9347,0
9349,1
9358,0
9360,0
9362,0
9363,1
9364,0
9367,0
9371,0
9372,1
9375,0
9376,1
9377,0
9378,0
9382,1
9385,0
9386,0
9389,0
9390,0
9391,0
9392,0
9393,0
9394,0
9395,0
9396,1
9397,0
9400,0
9403,0
9404,0
9409,0
9411,0
9412,1
9414,0
9415,1
9418,0
9422,0
9423,0
9430,0
9431,0
9432,0
9434,0
9437,1
9438,0
9440,0
9441,0
9442,0
9444,0
9451,0
9453,0
9457,0
9463,1
9464,0
9466,0
9473,0
9481,0
9483,1
9489,0
9492,0
9498,0
9502,1
9504,1
9507,0
9508,0
9509,0
9512,0
9520,1
9522,0
9525,0
9526,1
9527,1
9529,0
9530,0
9531,1
9532,1
9534,0
9535,0
9537,0
9539,0
9541,0
9543,1
9545,1
9547,1
9552,1
9553,0
9558,0
9561,0
9564,1
9566,0
9567,1
9568,0
9571,1
9572,0
9574,1
9578,1
9581,0
9585,0
9592,0
9593,0
9594,0
9597,0
9598,0
9601,0
9605,0
9606,0
9611,0
9613,1
9617,1
9619,0
9622,0
9623,0
9624,1
9625,0
9629,0
9630,0
9632,0
9633,0
9636,0
9638,1
9639,0
9640,0
9646,0
9647,0
9652,0
9656,0
9657,0
9659,0
9660,0
9664,0
9666,1
9668,0
9670,1
9671,0
9672,0
9674,1
9675,0
9676,0
9679,0
9680,0
9681,0
9682,0
9683,0
9684,1
9687,1
9688,0
9690,0
9691,0
9693,0
9696,1
9701,0
9703,0
9704,0
9705,0
9707,0
9708,0
9710,0
9711,1
9716,0
9717,0
9720,1
9721,1
9723,0
9724,1
9725,1
9728,0
9731,0
9734,0
9737,0
9740,0
9745,1
9750,0
9751,1
9753,0
9754,0
9755,0
9757,0
9758,0
9761,0
9767,0
9769,0
9770,0
9771,1
9773,0
9776,1
9778,0
9780,1
9781,0
9787,0
9791,0
9792,0
9796,0
9798,0
9800,1
9801,0
9804,0
9806,1
9809,0
9810,0
9811,0
9812,0
9814,0
9816,1
9819,0
9820,0
9827,0
9831,0
9834,1
9835,0
9838,0
9839,0
9841,0
9842,0
9843,0
9844,0
9849,0
9850,0
9851,0
9853,0
9855,0
9857,0
9859,1
9861,0
9864,0
9869,0
9870,0
9872,0
9875,0
9877,0
9880,0
9883,1
9887,0
9888,0
9891,0
9893,1
9894,0
9899,0
9901,0
9902,1
9904,1
9905,1
9913,1
9918,0
9919,0
9920,0
9922,1
9925,0
9926,0
9929,0
9930,0
9931,0
9932,0
9934,1
9935,0
9936,0
9937,0
9939,0
9942,0
9948,0
9950,0
9952,0
9955,1
9957,0
9964,0
9965,0
9966,0
9967,0
9970,0
9972,0
9976,0
9980,0
9981,1
9982,0
9983,0
9985,0
9988,0
9990,0
9992,0
9994,0
9997,1
9998,0
9999,1
10000,0
10005,0
10007,0
10009,0
10010,0
10011,0
10017,0
10018,0
10025,0
10026,0
10027,0
10029,0
10030,0
10031,1
10032,0
10034,1
10035,0
10038,0
10041,0
10044,1
10048,1
10049,0
10051,0
10052,0
10054,0
10056,0
10059,0
10062,1
10063,1
10067,0
10072,1
10075,0
10080,1
10083,0
10084,0
10085,1
10086,0
10087,1
10089,0
10090,0
10092,0
10097,1
10098,1
10100,0
10104,0
10107,0
10108,1
10110,0
10111,0
10115,1
10119,0
10120,0
10122,0
10124,1
10125,0
10126,0
10127,0
10134,0
10137,0
10138,0
10144,0
10146,0
10149,0
10154,0
10155,1
10156,1
10157,0
10162,1
10163,1
10168,0
10170,0
10174,0
10184,1
10186,0
10189,0
10191,0
10192,1
10194,0
10196,0
10198,0
10199,0
10200,1
10201,0
10203,0
10204,1
10208,0
10210,0
10212,1
10218,0
10220,1
10224,0
10226,0
10227,1
10236,0
10237,1
10239,1
10240,0
10241,0
10242,0
10247,1
10250,0
10251,0
10254,0
10256,0
10257,0
10261,0
10262,0
10268,0
10269,0
10274,1
10281,0
10282,0
10285,0
10286,0
10289,0
10294,0
10299,1
10301,0
10302,0
10303,0
10305,0
10306,0
10308,0
10311,0
10315,0
10316,0
10317,0
10319,1
10321,0
10322,0
10323,0
10325,0
10328,0
10333,0
10334,0
10336,0
10337,0
10341,0
10346,1
10349,0
10353,0
10354,0
10356,0
10360,0
10363,0
10365,0
10369,1
10370,0
10371,1
10375,1
10376,0
10381,0
10383,0
10384,1
10387,1
10388,0
10391,0
10392,0
10393,0
10399,0
10404,0
10405,0
10407,1
10413,0
10414,1
10418,0
10419,0
10420,0
10423,1
10425,0
10427,1
10429,0
10431,0
10434,1
10436,0
10439,0
10440,0
10441,1
10443,1
10446,0
10454,1
10455,0
10456,0
10462,1
10463,1
10464,0
10465,0
10466,0
10471,1
10474,1
10475,0
10476,0
10479,1
10483,0
10484,0
10489,0
10493,0
10494,0
10495,0
10496,1
10498,0
10499,0
10502,1
10504,0
10505,0
10510,1
10511,0
10513,0
10520,0
10522,1
10527,0
10529,0
10532,0
10536,0
10537,0
10538,0
10540,0
10542,0
10543,0
10547,0
10548,1
10549,0
10550,0
10557,0
10563,0
10565,0
10567,0
10569,0
10574,1
10575,0
10577,1
10579,0
10580,0
10583,1
10584,1
10588,1
10590,0
10594,1
10596,0
10597,0
10598,0
10600,0
10605,0
10607,0
10608,0
10612,0
10613,0
10618,0
10619,1
10620,0
10624,1
10629,0
10630,0
10631,0
10632,0
10633,0
10638,0
10639,0
10645,1
10646,0
10650,0
10652,0
10654,1
10656,1
10657,0
10662,0
10663,0
10665,1
10670,0
10671,0
10675,0
10676,1
10678,0
10679,0
10683,0
10684,0
10687,0
10688,1
10690,0
10700,1
10705,0
10707,0
10708,0
10709,0
10711,1
10722,1
10723,0
10725,0
10726,0
10727,0
10730,0
10731,0
10735,0
10742,0
10746,0
10752,0
10753,0
10761,1
10764,1
10765,1
10768,0
10769,0
10779,1
10780,0
10781,0
10782,0
10784,0
10786,1
10790,1
10791,0
10792,1
10794,0
10796,0
10797,0
10798,0
10802,0
10803,0
10806,0
10809,0
10812,0
10815,0
10818,0
10821,0
10823,0
10824,0
10826,0
10830,0
10835,0
10838,0
10842,1
10845,0
10855,0
10856,0
10864,1
10865,1
10866,0
10868,0
10870,0
10872,0
10873,0
10876,1
10877,1
10880,1
10881,0
10882,0
10889,0
10890,0
10895,0
10898,0
10901,0
10902,0
10903,0
10907,0
10908,1
10909,0
10910,0
10911,0
10912,0
10915,1
10920,0
10925,1
10926,0
10927,0
10929,0
10932,1
10936,0
10942,0
10943,0
10945,1
10947,0
10949,0
10951,0
10953,0
10955,0
10957,0
10958,1
10959,1
10960,0
10961,0
10962,0
10963,0
10967,1
10968,0
10969,0
10974,0
10977,0
10978,0
10981,0
10982,1
10986,0
10989,0
10992,0
10994,1
10995,1
10999,0
11006,0
11007,0
11012,0
11013,0
11014,1
11015,0
11018,0
11019,1
11020,0
11024,0
11025,1
11026,0
11027,0
11028,0
11032,0
11036,0
11037,0
11038,0
11040,0
11041,1
11043,0
11044,0
11051,0
11054,0
11055,1
11056,0
11057,0
11060,1
11062,1
11067,1
11068,0
11071,0
11072,0
11076,0
11077,1
11079,1
11081,1
11089,0
11090,0
11091,0
11096,0
11098,0
11099,0
11100,0
11102,0
11103,0
11105,0
11106,0
11109,1
11114,1
11117,0
11118,0
11121,0
11124,0
11125,1
11133,1
11135,0
11136,1
11137,0
11144,1
11146,0
11147,1
11148,0
11149,1
11152,0
11155,0
11160,1
11165,1
11170,0
11176,0
11179,0
11183,0
11184,0
11187,0
11193,0
11194,0
11195,0
11197,0
11198,0
11206,0
11208,0
11209,1
11210,0
11212,0
11213,0
11214,1
11215,0
11216,1
11217,0
11218,1
11219,0
11221,1
11224,0
11225,1
11226,0
11229,1
11231,0
11232,0
11233,0
11235,0
11236,0
11242,0
11243,0
11244,1
11245,0
11247,0
11249,0
11250,0
11251,0
11253,0
11262,0
11263,0
11264,0
11267,0
11272,0
11274,0
11275,1
11286,0
11287,0
11289,0
11291,0
11292,1
11297,0
11299,1
11304,0
11305,0
11306,0
11309,0
11311,1
11315,1
11317,1
11323,0
11324,1
11325,0
11326,0
11330,0
11334,0
11335,0
11337,0
11340,0
11341,0
11342,0
11343,0
11345,0
11346,0
11351,1
11352,0
11354,0
11355,0
11356,0
11358,0
11359,1
11364,0
11369,0
11370,0
11375,1
11378,0
11384,1
11386,0
11387,0
11396,0
11398,0
11400,0
11401,0
11402,1
11408,1
11415,0
11417,0
11419,0
11420,0
11422,0
11423,0
11427,1
11432,0
11433,0
11436,0
11437,0
11438,0
11444,0
11449,0
11453,1
11455,0
11457,0
11464,0
11465,0
11466,0
11468,0
11471,0
11476,1
11480,0
11484,0
11488,0
11489,0
11491,0
11492,0
11495,1
11496,0
11497,0
11499,0
11503,0
11504,0
11505,0
11506,1
11507,0
11508,0
11509,0
11511,0
11513,0
11517,0
11519,0
11520,0
11522,0
11525,0
11526,0
11527,1
11532,0
11535,0
11537,0
11540,0
11541,0
11544,1
11547,0
11548,0
11549,1
11557,0
11560,0
11566,1
11567,0
11568,0
11571,0
11572,0
11574,0
11575,0
11579,0
11583,0
11584,1
11585,0
11586,0
11588,0
11592,0
11596,1
11597,0
11598,1
11607,0
11610,0
11612,0
11614,0
11615,0
11619,1
11624,0
11626,0
11629,0
11635,0
11640,1
11642,0
11643,0
11648,1
11650,0
11651,0
11652,1
11656,1
11659,1
11661,0
11662,1
11665,0
11673,0
11675,0
11679,0
11682,0
11685,0
11687,0
11689,0
11693,0
11697,0
11698,0
11699,0
11701,0
11703,1
11709,0
11710,0
11711,0
11716,0
11719,0
11720,0
11723,0
11724,1
11725,0
11727,0
11732,0
11734,1
11735,0
11736,0
11741,0
11742,0
11743,1
11746,0
11747,0
11750,0
11752,0
11758,0
11759,1
11760,0
11761,0
11762,1
11764,1
11765,0
11769,0
11770,1
11771,1
11775,1
11776,0
11782,0
11785,0
11786,0
11789,0
11790,0
11792,0
11793,0
11794,0
11797,0
11804,0
11808,0
11809,0
11811,1
11812,0
11819,0
11820,0
11822,0
11823,0
11825,1
11828,0
11830,1
11831,0
11832,0
11833,0
11838,0
11839,0
11848,1
11850,0
11852,1
11854,0
11858,0
11859,0
11860,0
11866,0
11872,0
11875,0
11876,0
11879,0
11881,0
11885,1
11886,0
11898,1
11899,0
11900,1
11903,1
11904,1
11906,0
11909,0
11911,1
11912,0
11915,1
11919,1
11920,0
11928,0
11931,0
11934,0
11935,0
11937,0
11940,0
11942,1
11945,0
11946,0
11947,1
11953,0
11955,0
11957,0
11959,0
11963,0
11965,1
11966,1
11967,1
11968,0
11972,0
11973,1
11974,1
11978,1
11983,1
11986,0
11990,0
11993,1
11997,0
11998,0
12002,0
12005,0
12009,0
12018,0
12019,1
12020,0
12022,0
12023,0
12027,0
12030,1
12033,1
12037,1
12038,0
12041,1
12044,0
12051,0
12052,0
12055,0
12056,1
12058,1
12059,0
12068,1
12072,1
12074,1
12076,0
12077,0
12082,0
12083,0
12084,0
12086,0
12090,0
12092,1
12094,0
12095,0
12097,0
12101,0
12104,0
12110,0
12111,0
12113,0
12116,0
12118,0
12120,0
12123,0
12133,0
12135,1
12136,1
12137,0
12138,0
12139,0
12148,1
12152,0
12153,0
12154,0
12156,1
12164,0
12165,0
12171,0
12176,1
12177,1
12181,0
12187,0
12190,0
12191,0
12193,0
12194,0
12202,1
12203,0
12210,0
12212,1
12216,0
12217,0
12218,1
12220,0
12223,0
12230,0
12235,0
12238,1
12240,1
12241,0
12247,1
12250,0
12252,0
12255,0
12256,0
12257,0
12266,0
12267,1
12268,0
12269,0
12270,1
12272,0
12273,0
12274,1
12277,0
12282,0
12284,0
12286,0
12287,1
12290,1
12292,1
12294,0
12295,0
12302,0
12303,0
12304,0
12307,0
12309,0
12311,0
12313,0
12319,0
12322,0
12324,1
12325,0
12332,0
12335,0
12339,1
12344,0
12348,1
12349,0
12350,1
12351,0
12352,0
12354,0
12357,1
12359,0
12361,0
12367,0
12368,0
12370,0
12372,0
12375,0
12376,0
12378,0
12379,1
12381,1
12382,1
12384,1
12385,0
12387,0
12389,1
12390,0
12396,0
12398,0
12400,1
12401,0
12403,0
12405,1
12407,0
12409,1
12410,0
12416,0
12420,0
12421,0
12422,0
12425,0
12430,0
12433,1
12434,0
12435,0
12438,0
12439,0
12441,0
12442,0
12443,1
12444,0
12451,0
12455,0
12456,0
12459,0
12460,1
12461,0
12462,1
12463,0
12467,0
12469,1
12471,0
12472,0
12478,0
12479,0
12482,1
12483,0
12484,0
12486,0
12487,0
12488,0
12492,0
12494,0
12495,0
12498,0
12507,0
12509,0
12510,1
12513,1
12514,0
12516,0
12519,1
12521,0
12523,0
12525,0
12526,0
12527,0
12528,1
12530,0
12531,0
12534,0
12536,1
12538,0
12542,0
12544,0
12546,0
12547,1
12548,0
12550,0
12552,0
12556,0
12558,1
12562,1
12564,0
12566,0
12567,0
12568,0
12569,0
12571,1
12572,0
12573,0
12577,0
12589,0
12591,0
12596,0
12597,0
12603,0
12604,1
12606,0
12608,0
12610,1
12612,0
12614,0
12616,0
12617,0
12619,0
12620,1
12621,0
12624,0
12627,0
12630,1
12631,0
12633,1
12636,0
12637,0
12642,0
12644,1
12646,0
12648,0
12653,0
12656,0
12657,0
12663,1
12667,1
12668,1
12670,1
12672,0
12674,1
12675,0
12678,0
12681,1
12683,0
12684,0
12694,1
12695,0
12697,1
12698,0
12699,1
12702,1
12703,0
12704,0
12706,1
12708,0
12709,0
12710,0
12711,1
12714,1
12715,0
12717,1
12720,0
12723,0
12726,0
12727,0
12729,0
12730,0
12731,0
12733,0
12735,1
12736,1
12739,1
12740,0
12741,0
12744,0
12745,0
12746,0
12748,0
12752,0
12753,0
12754,0
12759,0
12761,0
12762,0
12764,0
12766,0
12769,0
12774,0
12778,1
12780,0
12783,1
12784,0
12786,1
12787,1
12788,0
12789,1
12797,0
12798,0
12804,0
12805,0
12806,0
12807,0
12809,0
12810,0
12817,0
12818,0
12822,0
12823,1
12824,0
12826,0
12827,0
12830,1
12831,1
12832,0
12836,0
12838,1
12840,0
12841,0
12842,1
12843,0
12844,0
12846,0
12848,0
12850,0
12853,0
12854,0
12858,0
12861,0
12862,0
12864,0
12865,0
12872,0
12873,0
12879,0
12881,0
12885,0
12886,0
12887,0
12888,0
12890,1
12892,0
12893,0
12894,1
12895,0
12898,0
12899,1
12900,1
12902,0
12904,0
12912,0
12914,0
12922,0
12923,0
12926,1
12930,1
12932,1
12933,0
12934,0
12937,0
12942,0
12948,0
12949,1
12953,1
12955,0
12957,0
12958,0
12960,0
12967,0
12973,1
12976,0
12978,0
12979,0
12983,1
12985,0
12989,0
12993,0
12994,1
12995,0
13000,0
13001,0
13003,0
13004,1
13005,0
13007,0
13008,0
13009,0
13010,0
13015,0
13018,0
13019,0
13020,0
13022,0
13023,0
13024,0
13026,0
13028,0
13029,0
13030,0
13038,0
13039,0
13041,0
13042,0
13044,1
13047,0
13055,0
13056,0
13058,0
13061,0
13062,1
13063,0
13064,1
13072,0
13073,0
13077,0
13080,0
13086,0
13088,0
13089,0
13090,0
13091,1
13092,1
13094,0
13095,0
13096,0
13097,0
13100,0
13101,1
13102,0
13105,0
13112,0
13113,0
13119,1
13122,0
13124,0
13126,0
13130,0
13133,1
13134,0
13135,1
13137,1
13139,0
13141,1
13143,1
13144,1
13148,1
13150,0
13152,0
13153,1
13155,1
13158,0
13162,1
13163,0
13166,0
13167,0
13172,0
13173,1
13175,0
13176,0
13187,0
13188,0
13190,0
13191,0
13194,0
13196,1
13197,0
13198,1
13201,0
13202,0
13203,0
13204,0
13205,0
13206,0
13208,0
13209,0
13213,0
13215,0
13218,0
13219,0
13222,0
13225,0
13228,0
13229,0
13231,1
13235,0
13236,0
13241,1
13243,0
13244,0
13247,0
13249,0
13251,0
13252,1
13254,0
13255,0
13256,1
13257,1
13260,1
13263,0
13265,0
13267,1
13270,1
13275,0
13276,0
13277,0
13287,0
13290,0
13292,0
13294,1
13295,1
13297,0
13298,0
13300,0
13301,0
13303,0
13306,1
13307,0
13312,1
13313,1
13315,0
13317,0
13322,1
13325,1
13328,0
13332,0
13336,1
13338,0
13342,1
13345,0
13346,0
13348,0
13349,0
13351,0
13353,0
13354,0
13359,0
13360,0
13361,0
13363,0
13365,0
13367,0
13369,0
13371,0
13372,0
13373,1
13374,0
13376,0
13378,0
13385,1
13388,0
13389,0
13390,0
13391,0
13394,0
13396,0
13400,0
13405,0
13408,1
13413,1
13415,0
13419,0
13420,0
13423,0
13425,0
13430,0
13433,1
13434,0
13436,0
13438,1
13439,0
13441,0
13442,0
13443,0
13447,1
13449,0
13451,0
13453,0
13454,0
13455,0
13458,0
13459,0
13460,0
13463,0
13464,0
13469,0
13470,0
13471,0
13475,1
13476,0
13480,0
13488,0
13492,0
13494,0
13495,1
13496,1
13498,0
13501,0
13504,0
13509,0
13520,0
13522,1
13523,0
13524,0
13529,0
13532,0
13533,0
13536,1
13538,0
13541,0
13542,0
13544,1
13548,0
13549,0
13552,0
13556,1
13558,0
13560,0
13562,0
13563,0
13567,0
13569,0
13572,0
13578,1
13580,0
13581,0
13582,0
13583,0
13586,0
13588,0
13589,1
13597,0
13600,0
13601,0
13602,1
13603,0
13606,0
13607,0
13608,0
13610,0
13616,0
13617,0
13624,0
13631,0
13632,0
13633,1
13638,0
13640,0
13642,0
13643,0
13647,0
13651,1
13653,0
13658,0
13661,0
13663,0
13667,1
13668,0
13670,0
13674,0
13676,1
13677,0
13678,1
13679,1
13680,0
13681,0
13683,0
13684,0
13685,0
13687,0
13690,0
13693,0
13694,1
13696,1
13698,0
13700,0
13713,0
13719,1
13721,0
13729,0
13734,0
13739,0
13740,0
13741,0
13744,0
13748,1
13751,0
13753,1
13755,1
13756,0
13758,0
13762,0
13764,0
13765,0
13766,0
13769,0
13771,1
13781,1
13782,1
13784,0
13786,0
13792,1
13793,1
13797,1
13798,1
13800,0
13802,0
13805,0
13806,0
13811,0
13813,0
13815,1
13816,0
13817,1
13819,1
13824,0
13825,0
13826,0
13827,0
13834,0
13837,0
13842,1
13844,0
13845,0
13846,0
13847,0
13850,0
13852,0
13855,0
13856,0
13857,0
13858,0
13863,0
13864,0
13871,0
13874,0
13878,0
13879,0
13880,0
13882,0
13885,1
13887,1
13890,1
13894,0
13895,0
13896,0
13897,0
13901,0
13903,0
13904,1
13905,0
13906,0
13907,0
13908,1
13909,1
13914,1
13920,0
13922,0
13924,0
13928,0
13932,1
13934,0
13936,0
13938,0
13945,0
13950,0
13951,0
13952,0
13953,0
13955,0
13956,0
13958,0
13960,0
13962,0
13972,0
13980,0
13981,0
13983,0
13985,0
13987,0
13988,0
13995,0
13996,1
14001,0
14003,0
14004,0
14006,1
14008,0
14013,0
14016,0
14017,0
14024,0
14030,0
14034,1
14035,0
14037,0
14038,0
14040,0
14044,0
14045,1
14048,0
14049,0
14053,0
14057,0
14058,0
14062,1
14064,0
14067,0
14076,1
14079,0
14085,1
14086,0
14088,0
14091,0
14092,0
14093,0
14097,1
14100,1
14103,0
14104,1
14105,0
14106,0
14107,0
14110,1
14112,0
14120,1
14121,0
14123,0
14125,0
14129,0
14131,0
14132,0
14134,0
14136,0
14145,0
14146,0
14147,0
14148,0
14149,0
14150,0
14152,0
14154,0
14156,0
14157,1
14158,0
14159,0
14161,1
14164,0
14165,0
14166,0
14170,1
14171,0
14176,0
14180,0
14182,0
14183,0
14184,0
14192,0
14202,0
14204,0
14205,0
14213,0
14214,0
14219,0
14221,1
14222,1
14224,0
14225,0
14227,0
14228,0
14230,0
14236,0
14239,0
14240,0
14241,0
14242,0
14246,0
14247,0
14252,0
14256,0
14258,0
14260,0
14261,1
14263,1
14268,0
14271,0
14272,0
14274,0
14281,0
14284,0
14293,0
14294,0
14299,0
14304,0
14305,0
14306,0
14310,0
14312,0
14313,1
14314,1
14315,0
14317,1
14318,0
14320,1
14324,0
14329,0
14332,0
14333,1
14339,0
14340,0
14343,0
14344,0
14347,1
14348,0
14352,0
14353,1
14358,0
14363,0
14367,0
14368,0
14375,0
14377,0
14378,1
14383,1
14384,0
14386,0
14387,0
14389,1
14392,0
14394,0
14401,1
14404,1
14406,0
14407,0
14413,0
14415,0
14417,0
14418,0
14419,1
14421,0
14428,0
14429,0
14431,0
14433,1
14435,0
14436,1
14438,0
14439,0
14442,0
14443,0
14444,0
14447,0
14450,0
14453,0
14454,0
14456,0
14458,1
14464,1
14469,0
14471,0
14477,0
14479,0
14481,0
14485,1
14487,0
14488,0
14493,0
14495,1
14497,0
14498,0
14499,1
14501,1
14504,0
14505,0
14507,0
14508,0
14513,0
14514,1
14515,0
14516,1
14517,0
14520,0
14522,1
14523,1
14524,0
14525,0
14528,1
14533,1
14534,0
14535,0
14540,0
14543,0
14547,0
14550,1
14553,0
14554,0
14556,0
14557,1
14558,0
14564,0
14569,0
14573,0
14576,0
14577,1
14578,0
14579,0
14581,0
14582,0
14584,0
14585,0
14587,0
14590,1
14591,1
14592,0
14602,0
14603,0
14605,0
14606,0
14608,0
14610,0
14611,0
14612,0
14614,0
14615,0
14618,0
14626,0
14629,0
14630,0
14631,0
14633,0
14635,0
14636,1
14637,0
14639,0
14640,0
14642,0
14643,0
14644,0
14645,1
14647,0
14651,0
14652,0
14653,1
14654,0
14655,0
14657,0
14658,0
14659,0
14660,1
14661,0
14665,0
14667,0
14668,0
14669,1
14670,0
14671,0
14672,0
14684,0
14685,0
14687,1
14689,1
14690,1
14695,0
14697,0
14698,0
14702,0
14704,0
14705,0
14706,0
14708,0
14709,0
14710,0
14712,0
14715,0
14719,0
14723,0
14728,0
14729,1
14732,1
14735,0
14736,0
14737,1
14738,0
14746,0
14748,0
14751,1
14754,0
14756,0
14757,0
14758,1
14761,0
14764,0
14768,0
14769,0
14773,1
14774,1
14776,1
14777,0
14779,0
14781,1
14782,0
14784,1
14785,0
14789,0
14790,1
14792,1
14794,0
14795,0
14801,0
14803,0
14804,0
14807,0
14808,1
14809,0
14811,0
14814,0
14819,0
14824,0
14827,0
14830,1
14831,0
14832,0
14834,0
14836,0
14839,1
14840,0
14841,0
14847,0
14848,0
14854,0
14855,0
14857,1
14860,1
14861,0
14863,0
14864,1
14874,1
14878,0
14883,1
14886,0
14888,1
14890,0
14891,0
14892,0
14893,1
14897,0
14898,1
14905,0
14906,0
14911,0
14912,0
14915,0
14917,0
14920,1
14922,0
14925,0
14929,0
14931,0
14934,1
14936,0
14938,0
14940,0
14941,0
14942,0
14944,0
14946,0
14947,1
14950,0
14951,0
14952,1
14954,0
14956,0
14957,1
14961,0
14962,0
14963,0
14964,0
14966,1
14968,0
14969,0
14970,1
14975,1
14976,1
14978,1
14980,0
14981,0
14984,0
14988,0
14989,1
14990,0
14991,1
14993,1
14995,0
14997,1
14999,0
15000,0
15001,0
15004,0
15006,1
15008,1
15021,0
15022,0
15024,0
15028,1
15029,0
15030,0
15031,0
15032,0
15033,0
15047,1
15050,0
15051,1
15053,0
15055,0
15057,0
15058,1
15062,0
15063,0
15064,0
15065,1
15066,0
15068,1
15071,0
15073,0
15075,1
15077,0
15081,0
15082,0
15084,0
15085,1
15088,0
15095,0
15097,0
15098,0
15099,0
15102,1
15104,1
15107,0
15108,1
15109,0
15111,1
15113,0
15116,0
15118,1
15120,1
15121,1
15127,1
15128,0
15129,0
15130,0
15135,0
15139,1
15141,0
15146,0
15153,0
15162,0
15163,0
15164,1
15165,0
15166,0
15169,0
15172,0
15173,0
15174,0
15176,0
15178,1
15179,0
15180,0
15184,1
15185,0
15188,1
15189,0
15193,1
15198,0
15199,0
15204,0
15205,0
15206,0
15209,0
15211,0
15212,0
15214,0
15215,1
15217,0
15218,0
15219,0
15226,0
15228,0
15232,0
15233,0
15235,0
15236,1
15239,0
15244,0
15250,0
15256,0
15259,0
15260,0
15264,0
15267,0
15268,1
15273,1
15279,1
15283,0
15284,0
15287,0
15289,1
15290,0
15291,0
15293,0
15296,0
15299,1
15301,0
15306,0
15307,1
15309,0
15310,0
15311,0
15318,0
15320,1
15322,0
15323,0
15324,1
15331,0
15334,0
15339,0
15341,0
15342,0
15347,0
15348,0
15353,0
15355,0
15359,1
15361,0
15362,1
15365,0
15367,0
15369,0
15370,1
15376,0
15377,1
15380,1
15381,0
15383,0
15384,0
15392,0
15396,0
15399,0
15401,0
15402,0
15403,0
15409,1
15412,0
15417,0
15418,0
15423,0
15428,0
15429,1
15430,0
15434,0
15435,0
15438,0
15440,0
15442,1
15446,0
15448,0
15449,0
15450,0
15451,0
15453,0
15461,0
15465,0
15466,0
15473,0
15474,0
15477,0
15478,0
15479,0
15483,0
15486,0
15488,0
15492,0
15494,0
15496,0
15498,0
15499,0
15500,0
15502,0
15509,0
15510,0
15511,0
15515,1
15518,0
15527,1
15528,0
15529,0
15533,1
15535,1
15536,0
15537,0
15541,1
15542,0
15545,0
15546,0
15550,0
15551,1
15554,0
15555,0
15556,0
15559,0
15560,1
15564,0
15567,0
15570,0
15572,0
15573,1
15574,0
15579,1
15581,0
15582,0
15584,0
15588,0
15589,1
15590,0
15591,0
15592,1
15593,0
15594,1
15598,0
15599,0
15601,0
15604,0
15613,0
15615,0
15619,1
15622,0
15623,1
15625,1
15626,1
15628,0
15630,0
15632,0
15637,1
15641,1
15643,0
15644,1
15645,1
15647,0
15650,0
15652,1
15655,0
15657,0
15659,0
15662,0
15664,0
15665,0
15666,0
15669,1
15671,0
15672,0
15673,0
15674,0
15675,0
15676,1
15678,1
15681,0
15682,0
15684,0
15687,0
15688,0
15689,0
15690,0
15694,0
15695,0
15697,0
15698,1
15699,1
15701,0
15702,0
15703,0
15704,1
15705,1
15714,1
15715,1
15716,0
15717,0
15718,1
15720,1
15722,1
15723,0
15727,1
15729,0
15732,0
15734,0
15737,1
15738,0
15746,0
15747,0
15748,0
15750,0
15752,0
15754,0
15756,0
15758,1
15762,1
15763,0
15764,0
15765,0
15767,0
15769,0
15773,0
15778,0
15779,0
15782,0
15790,0
15796,0
15797,0
15798,0
15799,0
15801,0
15802,0
15803,1
15805,0
15806,0
15811,0
15813,0
15816,0
15817,0
15818,0
15821,1
15824,0
15830,0
15835,0
15837,1
15838,0
15839,1
15840,0
15841,0
15842,0
15845,0
15848,0
15852,0
15855,1
15856,0
15858,1
15861,0
15862,0
15863,1
15865,0
15866,0
15867,0
15870,0
15873,1
15874,0
15877,1
15879,1
15882,0
15884,0
15889,0
15894,1
15897,0
15908,0
15912,0
15915,0
15916,0
15917,0
15920,0
15922,0
15923,1
15926,0
15930,1
15931,1
15933,1
15935,0
15936,0
15937,0
15938,0
15940,0
15942,0
15947,0
15948,1
15954,1
15955,1
15960,1
15962,1
15963,0
15965,0
15966,0
15967,0
15968,1
15969,0
15971,0
15972,0
15974,1
15975,0
15980,1
15984,0
15985,0
15987,0
15991,0
15992,1
15996,0
15999,0
16000,0
16005,0
16008,0
16009,0
16011,0
16015,0
16016,1
16020,0
16022,1
16024,0
16030,0
16031,1
16033,0
16042,0
16043,1
16047,1
16051,0
16053,1
16054,0
16055,0
16056,0
16061,1
16062,0
16065,0
16068,0
16070,0
16071,0
16073,0
16074,0
16075,0
16078,0
16081,0
16083,0
16084,0
16090,0
16091,0
16094,1
16098,0
16099,0
16102,0
16107,0
16109,0
16111,0
16112,0
16113,0
16117,0
16118,1
16119,0
16123,0
16124,0
16125,0
16128,0
16130,0
16131,0
16132,0
16134,1
16139,0
16141,1
16143,0
16148,0
16149,1
16150,0
16153,0
16155,0
16156,0
16164,0
16174,0
16177,0
16178,0
16179,1
16180,1
16183,0
16185,0
16187,1
16189,1
16193,1
16194,0
16195,0
16196,1
16197,0
16202,1
16203,0
16204,0
16205,0
16207,0
16209,0
16210,0
16211,0
16214,0
16215,1
16219,0
16221,0
16222,0
16223,0
16226,0
16229,0
16232,0
16233,0
16242,0
16245,1
16247,0
16248,1
16253,1
16255,0
16256,0
16258,0
16259,0
16260,0
16265,0
16269,0
16273,0
16274,0
16275,0
16276,0
16277,1
16280,0
16284,0
16287,0
16289,0
16293,1
16294,1
16297,0
16298,1
16300,0
16301,0
16302,0
16308,0
16311,0
16313,0
16315,0
16316,0
16317,0
16320,0
16322,0
16324,1
16329,0
16330,0
16333,0
16338,0
16343,1
16345,0
16346,0
16348,0
16350,0
16354,0
16356,1
16358,1
16359,0
16360,0
16362,0
16365,0
16366,0
16367,1
16368,0
16372,0
16373,0
16377,0
16384,0
16391,1
16395,0
16397,0
16399,0
16401,0
16404,0
16408,0
16409,1
16410,0
16411,0
16412,0
16413,0
16414,0
16418,0
16424,1
16426,0
16427,0
16433,0
16440,0
16442,0
16443,0
16444,1
16446,0
16447,0
16450,0
16451,0
16459,0
16460,0
16461,1
16462,0
16470,0
16474,0
16475,1
16476,0
16477,0
16479,0
16483,0
16484,1
16485,0
16487,1
16488,1
16492,0
16495,0
16497,0
16498,1
16502,0
16504,0
16507,0
16516,0
16518,0
16519,0
16520,0
16522,0
16523,1
16528,0
16530,1
16531,0
16532,0
16536,0
16537,0
16540,0
16541,1
16545,0
16546,0
16552,1
16556,0
16557,0
16558,1
16560,1
16562,0
16570,0
16574,0
16578,1
16583,0
16586,0
16587,0
16590,0
16595,0
16597,0
16600,0
16601,0
16602,0
16603,0
16605,0
16606,0
16607,0
16610,1
16612,0
16613,1
16622,0
16623,1
16624,0
16627,0
16629,1
16630,0
16634,0
16636,1
16637,0
16640,0
16642,0
16643,0
16648,0
16654,0
16655,0
16657,0
16658,0
16659,0
16662,0
16664,0
16666,0
16667,0
16670,0
16673,0
16676,0
16678,1
16680,1
16682,0
16684,0
16685,0
16689,0
16695,0
16698,1
16699,1
16703,1
16704,0
16705,1
16706,0
16711,0
16712,0
16714,1
16715,0
16718,0
16721,0
16722,0
16727,1
16728,0
16731,0
16733,0
16734,0
16739,1
16744,1
16747,1
16753,0
16757,0
16762,0
16763,0
16764,0
16766,0
16768,0
16769,0
16770,0
16771,0
16777,1
16780,0
16781,0
16782,0
16785,0
16791,0
16792,0
16793,0
16796,0
16801,0
16802,0
16804,0
16808,1
16809,0
16810,1
16811,0
16814,0
16815,1
16817,0
16818,0
16819,0
16820,0
16823,0
16829,0
16833,0
16834,1
16835,1
16840,0
16841,0
16842,0
16845,0
16846,1
16851,0
16852,0
16861,1
16862,0
16864,0
16865,0
16866,0
16867,0
16869,1
16871,1
16877,0
16879,0
16880,0
16881,0
16884,0
16885,0
16886,1
16889,0
16894,0
16895,0
16897,0
16898,0
16902,0
16903,0
16905,0
16906,1
16909,1
16914,0
16915,0
16918,0
16922,0
16925,0
16927,0
16935,0
16936,1
16937,0
16944,0
16945,0
16946,0
16948,0
16949,1
16954,0
16957,0
16960,0
16962,0
16965,0
16968,0
16969,0
16974,1
16975,1
16979,0
16980,1
16988,0
16989,1
16992,0
16993,0
16996,1
16998,1
17002,1
17003,0
17004,0
17005,0
17006,0
17007,0
17010,0
17013,0
17014,0
17021,1
17023,0
17024,0
17038,1
17039,0
17042,0
17045,1
17047,0
17050,0
17051,0
17053,1
17054,0
17059,0
17060,0
17062,0
17065,0
17069,0
17070,0
17074,0
17077,1
17080,0
17084,0
17093,1
17096,0
17098,0
17102,1
17106,0
17109,0
17111,1
17113,0
17115,0
17116,0
17118,0
17120,0
17121,0
17122,0
17125,0
17126,1
17133,0
17134,0
17136,1
17137,0
17139,1
17141,0
17142,0
17143,1
17149,0
17150,0
17161,1
17162,1
17165,0
17166,0
17168,1
17169,0
17170,0
17171,0
17173,1
17174,0
17179,0
17191,0
17192,0
17193,0
17206,0
17212,0
17213,0
17221,0
17222,0
17223,0
17226,1
17227,0
17228,0
17232,0
17234,0
17236,0
17239,0
17242,1
17243,0
17245,1
17248,0
17249,1
17250,0
17252,0
17254,0
17255,0
17261,1
17265,0
17266,0
17267,0
17269,0
17270,0
17275,0
17278,0
17279,0
17280,1
17282,1
17283,0
17284,0
17285,0
17289,1
17290,0
17299,0
17301,1
17303,0
17306,0
17307,0
17309,1
17311,0
17315,0
17317,0
17318,0
17327,0
17328,0
17329,1
17330,0
17331,1
17332,0
17345,0
17349,0
17351,0
17352,1
17353,0
17355,0
17362,0
17367,1
17369,1
17373,1
17374,0
17375,0
17377,1
17378,0
17379,0
17380,0
17382,0
17390,1
17392,0
17394,1
17400,0
17401,1
17402,0
17407,1
17415,0
17416,0
17417,0
17420,0
17422,0
17424,1
17427,1
17428,0
17430,0
17431,1
17432,0
17433,1
17436,0
17437,1
17439,0
17440,1
17441,0
17442,0
17445,0
17448,0
17451,0
17455,0
17458,0
17459,0
17463,0
17466,0
17469,0
17472,0
17475,0
17476,0
17479,0
17483,0
17487,1
17488,0
17489,0
17490,0
17491,0
17494,0
17497,0
17498,0
17499,1
17500,0
17501,0
17502,0
17509,0
17511,0
17515,0
17518,0
17520,0
17521,0
17529,0
17536,0
17539,0
17546,1
17547,0
17549,1
17551,0
17552,0
17559,0
17564,1
17565,0
17567,1
17570,1
17572,0
17576,1
17578,1
17582,0
17583,0
17584,0
17585,0
17586,0
17587,0
17588,0
17590,1
17591,0
17592,0
17594,0
17596,0
17599,1
17600,1
17602,0
17609,0
17612,0
17614,0
17615,0
17616,0
17620,0
17622,0
17624,0
17625,0
17626,0
17627,0
17628,0
17638,1
17643,0
17647,0
17650,0
17651,0
17652,1
17653,0
17656,0
17660,1
17664,0
17665,1
17666,1
17670,0
17674,0
17676,0
17677,0
17682,1
17685,1
17686,0
17689,0
17691,0
17692,0
17693,0
17696,1
17697,0
17698,0
17701,0
17706,0
17708,0
17713,0
17715,0
17718,0
17719,0
17720,0
17721,0
17723,0
17724,1
17725,0
17729,0
17731,0
17736,1
17742,0
17743,0
17745,0
17746,0
17747,0
17752,0
17755,0
17757,0
17760,1
17761,0
17762,0
17763,0
17766,0
17769,0
17770,0
17771,0
17772,0
17774,0
17778,0
17779,1
17787,0
17788,0
17789,0
17792,0
17795,0
17798,1
17799,1
17801,0
17804,0
17805,0
17807,0
17809,1
17812,0
17814,0
17821,1
17824,0
17830,0
17831,0
17833,0
17834,1
17835,0
17837,0
17838,0
17843,1
17846,0
17848,0
17857,0
17859,1
17860,0
17862,0
17864,0
17870,0
17871,0
17874,1
17877,0
17880,0
17882,0
17884,1
17885,1
17886,0
17887,0
17893,0
17896,0
17898,0
17903,0
17904,0
17905,0
17906,0
17909,0
17915,0
17919,0
17920,0
17925,0
17926,0
17928,0
17933,0
17934,0
17935,0
17937,0
17938,0
17939,0
17940,0
17941,0
17942,1
17943,1
17944,0
17945,0
17946,1
17949,0
17952,0
17955,0
17956,1
17959,0
17960,1
17962,0
17965,0
17966,0
17967,0
17968,0
17970,0
17972,0
17973,1
17974,0
17980,0
17981,0
17982,1
17986,0
17987,1
17988,0
17990,0
17993,0
17994,0
17997,1
17998,1
18003,0
18004,0
18008,0
18013,0
18016,0
18019,0
18021,1
18022,1
18027,1
18029,1
18030,0
18035,1
18036,0
18037,0
18039,0
18042,0
18043,0
18048,0
18049,0
18050,1
18055,0
18056,1
18059,1
18060,0
18062,0
18063,0
18067,0
18068,0
18070,1
18071,1
18073,0
18076,0
18079,0
18095,0
18104,0
18105,0
18107,0
18108,1
18111,0
18112,1
18116,0
18119,1
18125,0
18126,0
18127,0
18129,0
18134,0
18135,0
18136,0
18137,1
18138,0
18143,0
18146,0
18152,0
18153,0
18155,0
18159,0
18160,1
18163,0
18164,0
18166,0
18170,0
18171,1
18172,1
18174,0
18176,0
18180,1
18181,0
18182,0
18184,1
18198,0
18201,1
18202,0
18204,1
18205,0
18208,0
18212,1
18218,0
18222,0
18225,0
18229,0
18230,1
18232,0
18233,1
18235,0
18236,0
18237,0
18238,0
18239,0
18242,0
18243,1
18247,0
18248,0
18250,0
18252,0
18253,0
18265,0
18267,0
18271,1
18273,0
18276,1
